ralph abraham, https://www.govtrack.us/static/legislator-photos/412630-200px.jpeg
alma adams, https://www.govtrack.us/static/legislator-photos/412607-200px.jpeg
robert aderholt, https://www.govtrack.us/static/legislator-photos/400004-200px.jpeg
pete aguilar, https://www.govtrack.us/static/legislator-photos/412615-200px.jpeg
lamar alexander, https://www.govtrack.us/static/legislator-photos/300002-200px.jpeg
rick allen, https://www.govtrack.us/static/legislator-photos/412625-200px.jpeg
colin allred, https://www.govtrack.us/static/legislator-photos/412828-200px.jpeg
justin amash, https://www.govtrack.us/static/legislator-photos/412438-200px.jpeg
aumua amata, https://www.govtrack.us/static/legislator-photos/412664-200px.jpeg
mark amodei, https://www.govtrack.us/static/legislator-photos/412500-200px.jpeg
kelly armstrong, https://www.govtrack.us/static/legislator-photos/412794-200px.jpeg
jodey arrington, https://www.govtrack.us/static/legislator-photos/412726-200px.jpeg
cynthia axne, https://www.govtrack.us/static/legislator-photos/412772-200px.jpeg
brian babin, https://www.govtrack.us/static/legislator-photos/412655-200px.jpeg
don bacon, https://www.govtrack.us/static/legislator-photos/412713-200px.jpeg
james baird, https://www.govtrack.us/static/legislator-photos/412777-200px.jpeg
troy balderson, https://www.govtrack.us/static/legislator-photos/412747-200px.jpeg
tammy baldwin, https://www.govtrack.us/static/legislator-photos/400013-200px.jpeg
jim banks, https://www.govtrack.us/static/legislator-photos/412702-200px.jpeg
garland barr, https://www.govtrack.us/static/legislator-photos/412541-200px.jpeg
nanette barragan, https://www.govtrack.us/static/legislator-photos/412687-200px.jpeg
john barrasso, https://www.govtrack.us/static/legislator-photos/412251-200px.jpeg
karen bass, https://www.govtrack.us/static/legislator-photos/412404-200px.jpeg
joyce beatty, https://www.govtrack.us/static/legislator-photos/412565-200px.jpeg
michael bennet, https://www.govtrack.us/static/legislator-photos/412330-200px.jpeg
ami bera, https://www.govtrack.us/static/legislator-photos/412512-200px.jpeg
jack bergman, https://www.govtrack.us/static/legislator-photos/412709-200px.jpeg
donald beyer, https://www.govtrack.us/static/legislator-photos/412657-200px.jpeg
andy biggs, https://www.govtrack.us/static/legislator-photos/412683-200px.jpeg
gus bilirakis, https://www.govtrack.us/static/legislator-photos/412250-200px.jpeg
rob bishop, https://www.govtrack.us/static/legislator-photos/400029-200px.jpeg
sanford bishop, https://www.govtrack.us/static/legislator-photos/400030-200px.jpeg
marsha blackburn, https://www.govtrack.us/static/legislator-photos/400032-200px.jpeg
earl blumenauer, https://www.govtrack.us/static/legislator-photos/400033-200px.jpeg
richard blumenthal, https://www.govtrack.us/static/legislator-photos/412490-200px.jpeg
lisa blunt rochester, https://www.govtrack.us/static/legislator-photos/412689-200px.jpeg
roy blunt, https://www.govtrack.us/static/legislator-photos/400034-200px.jpeg
suzanne bonamici, https://www.govtrack.us/static/legislator-photos/412501-200px.jpeg
cory booker, https://www.govtrack.us/static/legislator-photos/412598-200px.jpeg
john boozman, https://www.govtrack.us/static/legislator-photos/400040-200px.jpeg
mike bost, https://www.govtrack.us/static/legislator-photos/412629-200px.jpeg
brendan boyle, https://www.govtrack.us/static/legislator-photos/412652-200px.jpeg
kevin brady, https://www.govtrack.us/static/legislator-photos/400046-200px.jpeg
mike braun, https://www.govtrack.us/static/legislator-photos/412839-200px.jpeg
anthony brindisi, https://www.govtrack.us/static/legislator-photos/412806-200px.jpeg
mo brooks, https://www.govtrack.us/static/legislator-photos/412395-200px.jpeg
susan brooks, https://www.govtrack.us/static/legislator-photos/412539-200px.jpeg
anthony brown, https://www.govtrack.us/static/legislator-photos/412707-200px.jpeg
sherrod brown, https://www.govtrack.us/static/legislator-photos/400050-200px.jpeg
julia brownley, https://www.govtrack.us/static/legislator-photos/412516-200px.jpeg
vern buchanan, https://www.govtrack.us/static/legislator-photos/412196-200px.jpeg
ken buck, https://www.govtrack.us/static/legislator-photos/412619-200px.jpeg
larry bucshon, https://www.govtrack.us/static/legislator-photos/412427-200px.jpeg
ted budd, https://www.govtrack.us/static/legislator-photos/412712-200px.jpeg
tim burchett, https://www.govtrack.us/static/legislator-photos/412817-200px.jpeg
michael burgess, https://www.govtrack.us/static/legislator-photos/400052-200px.jpeg
richard burr, https://www.govtrack.us/static/legislator-photos/400054-200px.jpeg
cheri bustos, https://www.govtrack.us/static/legislator-photos/412537-200px.jpeg
george butterfield, https://www.govtrack.us/static/legislator-photos/400616-200px.jpeg
bradley byrne, https://www.govtrack.us/static/legislator-photos/412601-200px.jpeg
ken calvert, https://www.govtrack.us/static/legislator-photos/400057-200px.jpeg
maria cantwell, https://www.govtrack.us/static/legislator-photos/300018-200px.jpeg
shelley capito, https://www.govtrack.us/static/legislator-photos/400061-200px.jpeg
salud carbajal, https://www.govtrack.us/static/legislator-photos/412686-200px.jpeg
benjamin cardin, https://www.govtrack.us/static/legislator-photos/400064-200px.jpeg
thomas carper, https://www.govtrack.us/static/legislator-photos/300019-200px.jpeg
andre carson, https://www.govtrack.us/static/legislator-photos/412258-200px.jpeg
buddy carter, https://www.govtrack.us/static/legislator-photos/412622-200px.jpeg
john carter, https://www.govtrack.us/static/legislator-photos/400068-200px.jpeg
matthew cartwright, https://www.govtrack.us/static/legislator-photos/412571-200px.jpeg
ed case, https://www.govtrack.us/static/legislator-photos/400069-200px.jpeg
robert casey, https://www.govtrack.us/static/legislator-photos/412246-200px.jpeg
bill cassidy, https://www.govtrack.us/static/legislator-photos/412269-200px.jpeg
sean casten, https://www.govtrack.us/static/legislator-photos/412775-200px.jpeg
kathy castor, https://www.govtrack.us/static/legislator-photos/412195-200px.jpeg
joaquin castro, https://www.govtrack.us/static/legislator-photos/412576-200px.jpeg
steve chabot, https://www.govtrack.us/static/legislator-photos/400071-200px.jpeg
liz cheney, https://www.govtrack.us/static/legislator-photos/412732-200px.jpeg
judy chu, https://www.govtrack.us/static/legislator-photos/412379-200px.jpeg
david cicilline, https://www.govtrack.us/static/legislator-photos/412470-200px.jpeg
gilbert cisneros, https://www.govtrack.us/static/legislator-photos/412757-200px.jpeg
katherine clark, https://www.govtrack.us/static/legislator-photos/412600-200px.jpeg
yvette clarke, https://www.govtrack.us/static/legislator-photos/412221-200px.jpeg
lacy clay, https://www.govtrack.us/static/legislator-photos/400074-200px.jpeg
emanuel cleaver, https://www.govtrack.us/static/legislator-photos/400639-200px.jpeg
ben cline, https://www.govtrack.us/static/legislator-photos/412832-200px.jpeg
michael cloud, https://www.govtrack.us/static/legislator-photos/412746-200px.jpeg
james clyburn, https://www.govtrack.us/static/legislator-photos/400075-200px.jpeg
steve cohen, https://www.govtrack.us/static/legislator-photos/412236-200px.jpeg
tom cole, https://www.govtrack.us/static/legislator-photos/400077-200px.jpeg
chris collins, https://www.govtrack.us/static/legislator-photos/412563-200px.jpeg
doug collins, https://www.govtrack.us/static/legislator-photos/412531-200px.jpeg
susan collins, https://www.govtrack.us/static/legislator-photos/300025-200px.jpeg
james comer, https://www.govtrack.us/static/legislator-photos/412676-200px.jpeg
michael conaway, https://www.govtrack.us/static/legislator-photos/400655-200px.jpeg
gerald connolly, https://www.govtrack.us/static/legislator-photos/412272-200px.jpeg
paul cook, https://www.govtrack.us/static/legislator-photos/412513-200px.jpeg
chris coons, https://www.govtrack.us/static/legislator-photos/412390-200px.jpeg
jim cooper, https://www.govtrack.us/static/legislator-photos/400081-200px.jpeg
john cornyn, https://www.govtrack.us/static/legislator-photos/300027-200px.jpeg
luis correa, https://www.govtrack.us/static/legislator-photos/412688-200px.jpeg
catherine cortez masto, https://www.govtrack.us/static/legislator-photos/412681-200px.jpeg
jim costa, https://www.govtrack.us/static/legislator-photos/400618-200px.jpeg
tom cotton, https://www.govtrack.us/static/legislator-photos/412508-200px.jpeg
joe courtney, https://www.govtrack.us/static/legislator-photos/412193-200px.jpeg
tj cox, https://www.govtrack.us/static/legislator-photos/412755-200px.jpeg
angie craig, https://www.govtrack.us/static/legislator-photos/412789-200px.jpeg
kevin cramer, https://www.govtrack.us/static/legislator-photos/412555-200px.jpeg
michael crapo, https://www.govtrack.us/static/legislator-photos/300030-200px.jpeg
eric crawford, https://www.govtrack.us/static/legislator-photos/412400-200px.jpeg
dan crenshaw, https://www.govtrack.us/static/legislator-photos/412820-200px.jpeg
charlie crist, https://www.govtrack.us/static/legislator-photos/412697-200px.jpeg
jason crow, https://www.govtrack.us/static/legislator-photos/412762-200px.jpeg
ted cruz, https://www.govtrack.us/static/legislator-photos/412573-200px.jpeg
henry cuellar, https://www.govtrack.us/static/legislator-photos/400657-200px.jpeg
elijah cummings, https://www.govtrack.us/static/legislator-photos/400090-200px.jpeg
joe cunningham, https://www.govtrack.us/static/legislator-photos/412814-200px.jpeg
john curtis, https://www.govtrack.us/static/legislator-photos/412740-200px.jpeg
tony cardenas, https://www.govtrack.us/static/legislator-photos/412517-200px.jpeg
steve daines, https://www.govtrack.us/static/legislator-photos/412549-200px.jpeg
sharice davids, https://www.govtrack.us/static/legislator-photos/412780-200px.jpeg
warren davidson, https://www.govtrack.us/static/legislator-photos/412675-200px.jpeg
danny davis, https://www.govtrack.us/static/legislator-photos/400093-200px.jpeg
rodney davis, https://www.govtrack.us/static/legislator-photos/412536-200px.jpeg
susan davis, https://www.govtrack.us/static/legislator-photos/400097-200px.jpeg
peter defazio, https://www.govtrack.us/static/legislator-photos/400100-200px.jpeg
diana degette, https://www.govtrack.us/static/legislator-photos/400101-200px.jpeg
rosa delauro, https://www.govtrack.us/static/legislator-photos/400103-200px.jpeg
mark desaulnier, https://www.govtrack.us/static/legislator-photos/412613-200px.jpeg
madeleine dean, https://www.govtrack.us/static/legislator-photos/412809-200px.jpeg
suzan delbene, https://www.govtrack.us/static/legislator-photos/412505-200px.jpeg
antonio delgado, https://www.govtrack.us/static/legislator-photos/412805-200px.jpeg
val demings, https://www.govtrack.us/static/legislator-photos/412696-200px.jpeg
scott desjarlais, https://www.govtrack.us/static/legislator-photos/412477-200px.jpeg
theodore deutch, https://www.govtrack.us/static/legislator-photos/412385-200px.jpeg
mario diaz balart, https://www.govtrack.us/static/legislator-photos/400108-200px.jpeg
debbie dingell, https://www.govtrack.us/static/legislator-photos/412637-200px.jpeg
lloyd doggett, https://www.govtrack.us/static/legislator-photos/400111-200px.jpeg
michael doyle, https://www.govtrack.us/static/legislator-photos/400114-200px.jpeg
tammy duckworth, https://www.govtrack.us/static/legislator-photos/412533-200px.jpeg
sean duffy, https://www.govtrack.us/static/legislator-photos/412488-200px.jpeg
jeff duncan, https://www.govtrack.us/static/legislator-photos/412472-200px.jpeg
neal dunn, https://www.govtrack.us/static/legislator-photos/412691-200px.jpeg
richard durbin, https://www.govtrack.us/static/legislator-photos/300038-200px.jpeg
tom emmer, https://www.govtrack.us/static/legislator-photos/412639-200px.jpeg
eliot engel, https://www.govtrack.us/static/legislator-photos/400122-200px.jpeg
michael enzi, https://www.govtrack.us/static/legislator-photos/300041-200px.jpeg
joni ernst, https://www.govtrack.us/static/legislator-photos/412667-200px.jpeg
veronica escobar, https://www.govtrack.us/static/legislator-photos/412825-200px.jpeg
anna eshoo, https://www.govtrack.us/static/legislator-photos/400124-200px.jpeg
adriano espaillat, https://www.govtrack.us/static/legislator-photos/412718-200px.jpeg
ron estes, https://www.govtrack.us/static/legislator-photos/412735-200px.jpeg
dwight evans, https://www.govtrack.us/static/legislator-photos/412677-200px.jpeg
dianne feinstein, https://www.govtrack.us/static/legislator-photos/300043-200px.jpeg
drew ferguson, https://www.govtrack.us/static/legislator-photos/412700-200px.jpeg
abby finkenauer, https://www.govtrack.us/static/legislator-photos/412771-200px.jpeg
deb fischer, https://www.govtrack.us/static/legislator-photos/412556-200px.jpeg
brian fitzpatrick, https://www.govtrack.us/static/legislator-photos/412721-200px.jpeg
charles fleischmann, https://www.govtrack.us/static/legislator-photos/412476-200px.jpeg
lizzie fletcher, https://www.govtrack.us/static/legislator-photos/412824-200px.jpeg
bill flores, https://www.govtrack.us/static/legislator-photos/412480-200px.jpeg
jeff fortenberry, https://www.govtrack.us/static/legislator-photos/400640-200px.jpeg
bill foster, https://www.govtrack.us/static/legislator-photos/412257-200px.jpeg
virginia foxx, https://www.govtrack.us/static/legislator-photos/400643-200px.jpeg
lois frankel, https://www.govtrack.us/static/legislator-photos/412529-200px.jpeg
marcia fudge, https://www.govtrack.us/static/legislator-photos/412327-200px.jpeg
russ fulcher, https://www.govtrack.us/static/legislator-photos/412773-200px.jpeg
tulsi gabbard, https://www.govtrack.us/static/legislator-photos/412532-200px.jpeg
matt gaetz, https://www.govtrack.us/static/legislator-photos/412690-200px.jpeg
mike gallagher, https://www.govtrack.us/static/legislator-photos/412731-200px.jpeg
ruben gallego, https://www.govtrack.us/static/legislator-photos/412612-200px.jpeg
john garamendi, https://www.govtrack.us/static/legislator-photos/412382-200px.jpeg
sylvia garcia, https://www.govtrack.us/static/legislator-photos/412827-200px.jpeg
jesus garcia, https://www.govtrack.us/static/legislator-photos/412774-200px.jpeg
cory gardner, https://www.govtrack.us/static/legislator-photos/412406-200px.jpeg
greg gianforte, https://www.govtrack.us/static/legislator-photos/412736-200px.jpeg
bob gibbs, https://www.govtrack.us/static/legislator-photos/412463-200px.jpeg
kirsten gillibrand, https://www.govtrack.us/static/legislator-photos/412223-200px.jpeg
louie gohmert, https://www.govtrack.us/static/legislator-photos/400651-200px.jpeg
jared golden, https://www.govtrack.us/static/legislator-photos/412842-200px.jpeg
jimmy gomez, https://www.govtrack.us/static/legislator-photos/412739-200px.jpeg
anthony gonzalez, https://www.govtrack.us/static/legislator-photos/412807-200px.jpeg
vicente gonzalez, https://www.govtrack.us/static/legislator-photos/412725-200px.jpeg
jenniffer gonzalez colon, https://www.govtrack.us/static/legislator-photos/412723-200px.jpeg
lance gooden, https://www.govtrack.us/static/legislator-photos/412822-200px.jpeg
paul gosar, https://www.govtrack.us/static/legislator-photos/412397-200px.jpeg
josh gottheimer, https://www.govtrack.us/static/legislator-photos/412714-200px.jpeg
lindsey graham, https://www.govtrack.us/static/legislator-photos/300047-200px.jpeg
kay granger, https://www.govtrack.us/static/legislator-photos/400157-200px.jpeg
charles grassley, https://www.govtrack.us/static/legislator-photos/300048-200px.jpeg
garret graves, https://www.govtrack.us/static/legislator-photos/412631-200px.jpeg
sam graves, https://www.govtrack.us/static/legislator-photos/400158-200px.jpeg
tom graves, https://www.govtrack.us/static/legislator-photos/412388-200px.jpeg
al green, https://www.govtrack.us/static/legislator-photos/400653-200px.jpeg
mark green, https://www.govtrack.us/static/legislator-photos/412819-200px.jpeg
morgan griffith, https://www.govtrack.us/static/legislator-photos/412485-200px.jpeg
raul grijalva, https://www.govtrack.us/static/legislator-photos/400162-200px.jpeg
glenn grothman, https://www.govtrack.us/static/legislator-photos/412661-200px.jpeg
michael guest, https://www.govtrack.us/static/legislator-photos/412793-200px.jpeg
brett guthrie, https://www.govtrack.us/static/legislator-photos/412278-200px.jpeg
debra haaland, https://www.govtrack.us/static/legislator-photos/412800-200px.jpeg
jim hagedorn, https://www.govtrack.us/static/legislator-photos/412788-200px.jpeg
josh harder, https://www.govtrack.us/static/legislator-photos/412754-200px.jpeg
andy harris, https://www.govtrack.us/static/legislator-photos/412434-200px.jpeg
kamala harris, https://www.govtrack.us/static/legislator-photos/412678-200px.jpeg
vicky hartzler, https://www.govtrack.us/static/legislator-photos/412444-200px.jpeg
margaret hassan, https://www.govtrack.us/static/legislator-photos/412680-200px.jpeg
alcee hastings, https://www.govtrack.us/static/legislator-photos/400170-200px.jpeg
joshua hawley, https://www.govtrack.us/static/legislator-photos/412840-200px.jpeg
jahana hayes, https://www.govtrack.us/static/legislator-photos/412763-200px.jpeg
denny heck, https://www.govtrack.us/static/legislator-photos/412584-200px.jpeg
martin heinrich, https://www.govtrack.us/static/legislator-photos/412281-200px.jpeg
kevin hern, https://www.govtrack.us/static/legislator-photos/412748-200px.jpeg
jaime herrera beutler, https://www.govtrack.us/static/legislator-photos/412486-200px.jpeg
jody hice, https://www.govtrack.us/static/legislator-photos/412623-200px.jpeg
brian higgins, https://www.govtrack.us/static/legislator-photos/400641-200px.jpeg
clay higgins, https://www.govtrack.us/static/legislator-photos/412705-200px.jpeg
french hill, https://www.govtrack.us/static/legislator-photos/412609-200px.jpeg
katie hill, https://www.govtrack.us/static/legislator-photos/412756-200px.jpeg
james himes, https://www.govtrack.us/static/legislator-photos/412282-200px.jpeg
mazie hirono, https://www.govtrack.us/static/legislator-photos/412200-200px.jpeg
john hoeven, https://www.govtrack.us/static/legislator-photos/412494-200px.jpeg
george holding, https://www.govtrack.us/static/legislator-photos/412553-200px.jpeg
trey hollingsworth, https://www.govtrack.us/static/legislator-photos/412703-200px.jpeg
kendra horn, https://www.govtrack.us/static/legislator-photos/412808-200px.jpeg
steven horsford, https://www.govtrack.us/static/legislator-photos/412559-200px.jpeg
chrissy houlahan, https://www.govtrack.us/static/legislator-photos/412810-200px.jpeg
steny hoyer, https://www.govtrack.us/static/legislator-photos/400189-200px.jpeg
richard hudson, https://www.govtrack.us/static/legislator-photos/412550-200px.jpeg
jared huffman, https://www.govtrack.us/static/legislator-photos/412511-200px.jpeg
bill huizenga, https://www.govtrack.us/static/legislator-photos/412437-200px.jpeg
duncan hunter, https://www.govtrack.us/static/legislator-photos/412283-200px.jpeg
will hurd, https://www.govtrack.us/static/legislator-photos/412654-200px.jpeg
cindy hyde smith, https://www.govtrack.us/static/legislator-photos/412743-200px.jpeg
james inhofe, https://www.govtrack.us/static/legislator-photos/300055-200px.jpeg
john isakson, https://www.govtrack.us/static/legislator-photos/400194-200px.jpeg
sheila jackson lee, https://www.govtrack.us/static/legislator-photos/400199-200px.jpeg
pramila jayapal, https://www.govtrack.us/static/legislator-photos/412730-200px.jpeg
hakeem jeffries, https://www.govtrack.us/static/legislator-photos/412561-200px.jpeg
bill johnson, https://www.govtrack.us/static/legislator-photos/412460-200px.jpeg
dusty johnson, https://www.govtrack.us/static/legislator-photos/412816-200px.jpeg
eddie johnson, https://www.govtrack.us/static/legislator-photos/400204-200px.jpeg
henry johnson, https://www.govtrack.us/static/legislator-photos/412199-200px.jpeg
mike johnson, https://www.govtrack.us/static/legislator-photos/412706-200px.jpeg
ron johnson, https://www.govtrack.us/static/legislator-photos/412496-200px.jpeg
doug jones, https://www.govtrack.us/static/legislator-photos/412741-200px.jpeg
jim jordan, https://www.govtrack.us/static/legislator-photos/412226-200px.jpeg
david joyce, https://www.govtrack.us/static/legislator-photos/412566-200px.jpeg
john joyce, https://www.govtrack.us/static/legislator-photos/412812-200px.jpeg
timothy kaine, https://www.govtrack.us/static/legislator-photos/412582-200px.jpeg
marcy kaptur, https://www.govtrack.us/static/legislator-photos/400211-200px.jpeg
john katko, https://www.govtrack.us/static/legislator-photos/412649-200px.jpeg
william keating, https://www.govtrack.us/static/legislator-photos/412435-200px.jpeg
mike kelly, https://www.govtrack.us/static/legislator-photos/412465-200px.jpeg
robin kelly, https://www.govtrack.us/static/legislator-photos/412595-200px.jpeg
trent kelly, https://www.govtrack.us/static/legislator-photos/412673-200px.jpeg
john kennedy, https://www.govtrack.us/static/legislator-photos/412679-200px.jpeg
joseph kennedy, https://www.govtrack.us/static/legislator-photos/412543-200px.jpeg
ro khanna, https://www.govtrack.us/static/legislator-photos/412684-200px.jpeg
daniel kildee, https://www.govtrack.us/static/legislator-photos/412546-200px.jpeg
derek kilmer, https://www.govtrack.us/static/legislator-photos/412583-200px.jpeg
andy kim, https://www.govtrack.us/static/legislator-photos/412797-200px.jpeg
ron kind, https://www.govtrack.us/static/legislator-photos/400218-200px.jpeg
angus king, https://www.govtrack.us/static/legislator-photos/412545-200px.jpeg
peter king, https://www.govtrack.us/static/legislator-photos/400219-200px.jpeg
steve king, https://www.govtrack.us/static/legislator-photos/400220-200px.jpeg
adam kinzinger, https://www.govtrack.us/static/legislator-photos/412421-200px.jpeg
ann kirkpatrick, https://www.govtrack.us/static/legislator-photos/412286-200px.jpeg
amy klobuchar, https://www.govtrack.us/static/legislator-photos/412242-200px.jpeg
raja krishnamoorthi, https://www.govtrack.us/static/legislator-photos/412701-200px.jpeg
ann kuster, https://www.govtrack.us/static/legislator-photos/412557-200px.jpeg
david kustoff, https://www.govtrack.us/static/legislator-photos/412724-200px.jpeg
darin lahood, https://www.govtrack.us/static/legislator-photos/412674-200px.jpeg
doug lamalfa, https://www.govtrack.us/static/legislator-photos/412510-200px.jpeg
conor lamb, https://www.govtrack.us/static/legislator-photos/412744-200px.jpeg
doug lamborn, https://www.govtrack.us/static/legislator-photos/412191-200px.jpeg
james langevin, https://www.govtrack.us/static/legislator-photos/400230-200px.jpeg
james lankford, https://www.govtrack.us/static/legislator-photos/412464-200px.jpeg
rick larsen, https://www.govtrack.us/static/legislator-photos/400232-200px.jpeg
john larson, https://www.govtrack.us/static/legislator-photos/400233-200px.jpeg
robert latta, https://www.govtrack.us/static/legislator-photos/412256-200px.jpeg
brenda lawrence, https://www.govtrack.us/static/legislator-photos/412638-200px.jpeg
al lawson, https://www.govtrack.us/static/legislator-photos/412693-200px.jpeg
patrick leahy, https://www.govtrack.us/static/legislator-photos/300065-200px.jpeg
barbara lee, https://www.govtrack.us/static/legislator-photos/400237-200px.jpeg
mike lee, https://www.govtrack.us/static/legislator-photos/412495-200px.jpeg
susie lee, https://www.govtrack.us/static/legislator-photos/412802-200px.jpeg
debbie lesko, https://www.govtrack.us/static/legislator-photos/412745-200px.jpeg
andy levin, https://www.govtrack.us/static/legislator-photos/412785-200px.jpeg
mike levin, https://www.govtrack.us/static/legislator-photos/412760-200px.jpeg
john lewis, https://www.govtrack.us/static/legislator-photos/400240-200px.jpeg
ted lieu, https://www.govtrack.us/static/legislator-photos/412616-200px.jpeg
daniel lipinski, https://www.govtrack.us/static/legislator-photos/400630-200px.jpeg
david loebsack, https://www.govtrack.us/static/legislator-photos/412209-200px.jpeg
zoe lofgren, https://www.govtrack.us/static/legislator-photos/400245-200px.jpeg
billy long, https://www.govtrack.us/static/legislator-photos/412445-200px.jpeg
barry loudermilk, https://www.govtrack.us/static/legislator-photos/412624-200px.jpeg
alan lowenthal, https://www.govtrack.us/static/legislator-photos/412521-200px.jpeg
nita lowey, https://www.govtrack.us/static/legislator-photos/400246-200px.jpeg
frank lucas, https://www.govtrack.us/static/legislator-photos/400247-200px.jpeg
blaine luetkemeyer, https://www.govtrack.us/static/legislator-photos/412292-200px.jpeg
ben lujan, https://www.govtrack.us/static/legislator-photos/412293-200px.jpeg
elaine luria, https://www.govtrack.us/static/legislator-photos/412830-200px.jpeg
stephen lynch, https://www.govtrack.us/static/legislator-photos/400249-200px.jpeg
tom malinowski, https://www.govtrack.us/static/legislator-photos/412798-200px.jpeg
carolyn maloney, https://www.govtrack.us/static/legislator-photos/400251-200px.jpeg
sean maloney, https://www.govtrack.us/static/legislator-photos/412562-200px.jpeg
joe manchin, https://www.govtrack.us/static/legislator-photos/412391-200px.jpeg
kenny marchant, https://www.govtrack.us/static/legislator-photos/400656-200px.jpeg
edward markey, https://www.govtrack.us/static/legislator-photos/400253-200px.jpeg
roger marshall, https://www.govtrack.us/static/legislator-photos/412704-200px.jpeg
thomas massie, https://www.govtrack.us/static/legislator-photos/412503-200px.jpeg
brian mast, https://www.govtrack.us/static/legislator-photos/412698-200px.jpeg
doris matsui, https://www.govtrack.us/static/legislator-photos/400663-200px.jpeg
ben mcadams, https://www.govtrack.us/static/legislator-photos/412829-200px.jpeg
lucy mcbath, https://www.govtrack.us/static/legislator-photos/412769-200px.jpeg
kevin mccarthy, https://www.govtrack.us/static/legislator-photos/412190-200px.jpeg
michael mccaul, https://www.govtrack.us/static/legislator-photos/400654-200px.jpeg
tom mcclintock, https://www.govtrack.us/static/legislator-photos/412295-200px.jpeg
betty mccollum, https://www.govtrack.us/static/legislator-photos/400259-200px.jpeg
mitch mcconnell, https://www.govtrack.us/static/legislator-photos/300072-200px.jpeg
donald mceachin, https://www.govtrack.us/static/legislator-photos/412728-200px.jpeg
james mcgovern, https://www.govtrack.us/static/legislator-photos/400263-200px.jpeg
patrick mchenry, https://www.govtrack.us/static/legislator-photos/400644-200px.jpeg
david mckinley, https://www.govtrack.us/static/legislator-photos/412487-200px.jpeg
cathy mcmorris rodgers, https://www.govtrack.us/static/legislator-photos/400659-200px.jpeg
jerry mcnerney, https://www.govtrack.us/static/legislator-photos/412189-200px.jpeg
martha mcsally, https://www.govtrack.us/static/legislator-photos/412611-200px.jpeg
mark meadows, https://www.govtrack.us/static/legislator-photos/412552-200px.jpeg
gregory meeks, https://www.govtrack.us/static/legislator-photos/400271-200px.jpeg
robert menendez, https://www.govtrack.us/static/legislator-photos/400272-200px.jpeg
grace meng, https://www.govtrack.us/static/legislator-photos/412560-200px.jpeg
jeff merkley, https://www.govtrack.us/static/legislator-photos/412325-200px.jpeg
daniel meuser, https://www.govtrack.us/static/legislator-photos/412811-200px.jpeg
carol miller, https://www.govtrack.us/static/legislator-photos/412837-200px.jpeg
paul mitchell, https://www.govtrack.us/static/legislator-photos/412710-200px.jpeg
john moolenaar, https://www.govtrack.us/static/legislator-photos/412634-200px.jpeg
alex mooney, https://www.govtrack.us/static/legislator-photos/412662-200px.jpeg
gwen moore, https://www.govtrack.us/static/legislator-photos/400661-200px.jpeg
jerry moran, https://www.govtrack.us/static/legislator-photos/400284-200px.jpeg
joseph morelle, https://www.govtrack.us/static/legislator-photos/412749-200px.jpeg
seth moulton, https://www.govtrack.us/static/legislator-photos/412632-200px.jpeg
debbie mucarsel powell, https://www.govtrack.us/static/legislator-photos/412767-200px.jpeg
markwayne mullin, https://www.govtrack.us/static/legislator-photos/412568-200px.jpeg
lisa murkowski, https://www.govtrack.us/static/legislator-photos/300075-200px.jpeg
christopher murphy, https://www.govtrack.us/static/legislator-photos/412194-200px.jpeg
stephanie murphy, https://www.govtrack.us/static/legislator-photos/412694-200px.jpeg
patty murray, https://www.govtrack.us/static/legislator-photos/300076-200px.jpeg
jerrold nadler, https://www.govtrack.us/static/legislator-photos/400289-200px.jpeg
grace napolitano, https://www.govtrack.us/static/legislator-photos/400290-200px.jpeg
richard neal, https://www.govtrack.us/static/legislator-photos/400291-200px.jpeg
joe neguse, https://www.govtrack.us/static/legislator-photos/412761-200px.jpeg
dan newhouse, https://www.govtrack.us/static/legislator-photos/412660-200px.jpeg
donald norcross, https://www.govtrack.us/static/legislator-photos/412606-200px.jpeg
ralph norman, https://www.govtrack.us/static/legislator-photos/412738-200px.jpeg
eleanor norton, https://www.govtrack.us/static/legislator-photos/400295-200px.jpeg
devin nunes, https://www.govtrack.us/static/legislator-photos/400297-200px.jpeg
alexandria ocasio cortez, https://www.govtrack.us/static/legislator-photos/412804-200px.jpeg
pete olson, https://www.govtrack.us/static/legislator-photos/412302-200px.jpeg
ilhan omar, https://www.govtrack.us/static/legislator-photos/412791-200px.jpeg
tom ohalleran, https://www.govtrack.us/static/legislator-photos/412682-200px.jpeg
steven palazzo, https://www.govtrack.us/static/legislator-photos/412443-200px.jpeg
frank pallone, https://www.govtrack.us/static/legislator-photos/400308-200px.jpeg
gary palmer, https://www.govtrack.us/static/legislator-photos/412608-200px.jpeg
jimmy panetta, https://www.govtrack.us/static/legislator-photos/412685-200px.jpeg
chris pappas, https://www.govtrack.us/static/legislator-photos/412795-200px.jpeg
bill pascrell, https://www.govtrack.us/static/legislator-photos/400309-200px.jpeg
rand paul, https://www.govtrack.us/static/legislator-photos/412492-200px.jpeg
donald payne, https://www.govtrack.us/static/legislator-photos/412506-200px.jpeg
nancy pelosi, https://www.govtrack.us/static/legislator-photos/400314-200px.jpeg
greg pence, https://www.govtrack.us/static/legislator-photos/412778-200px.jpeg
david perdue, https://www.govtrack.us/static/legislator-photos/412666-200px.jpeg
ed perlmutter, https://www.govtrack.us/static/legislator-photos/412192-200px.jpeg
scott perry, https://www.govtrack.us/static/legislator-photos/412569-200px.jpeg
gary peters, https://www.govtrack.us/static/legislator-photos/412305-200px.jpeg
scott peters, https://www.govtrack.us/static/legislator-photos/412523-200px.jpeg
collin peterson, https://www.govtrack.us/static/legislator-photos/400316-200px.jpeg
dean phillips, https://www.govtrack.us/static/legislator-photos/412790-200px.jpeg
chellie pingree, https://www.govtrack.us/static/legislator-photos/412307-200px.jpeg
stacey plaskett, https://www.govtrack.us/static/legislator-photos/412659-200px.jpeg
mark pocan, https://www.govtrack.us/static/legislator-photos/412585-200px.jpeg
katie porter, https://www.govtrack.us/static/legislator-photos/412758-200px.jpeg
robert portman, https://www.govtrack.us/static/legislator-photos/400325-200px.jpeg
bill posey, https://www.govtrack.us/static/legislator-photos/412309-200px.jpeg
ayanna pressley, https://www.govtrack.us/static/legislator-photos/412782-200px.jpeg
david price, https://www.govtrack.us/static/legislator-photos/400326-200px.jpeg
mike quigley, https://www.govtrack.us/static/legislator-photos/412331-200px.jpeg
jamie raskin, https://www.govtrack.us/static/legislator-photos/412708-200px.jpeg
john ratcliffe, https://www.govtrack.us/static/legislator-photos/412653-200px.jpeg
john reed, https://www.govtrack.us/static/legislator-photos/300081-200px.jpeg
tom reed, https://www.govtrack.us/static/legislator-photos/412393-200px.jpeg
guy reschenthaler, https://www.govtrack.us/static/legislator-photos/412813-200px.jpeg
kathleen rice, https://www.govtrack.us/static/legislator-photos/412647-200px.jpeg
tom rice, https://www.govtrack.us/static/legislator-photos/412572-200px.jpeg
cedric richmond, https://www.govtrack.us/static/legislator-photos/412432-200px.jpeg
denver riggleman, https://www.govtrack.us/static/legislator-photos/412831-200px.jpeg
james risch, https://www.govtrack.us/static/legislator-photos/412322-200px.jpeg
pat roberts, https://www.govtrack.us/static/legislator-photos/300083-200px.jpeg
martha roby, https://www.govtrack.us/static/legislator-photos/412394-200px.jpeg
david roe, https://www.govtrack.us/static/legislator-photos/412310-200px.jpeg
harold rogers, https://www.govtrack.us/static/legislator-photos/400340-200px.jpeg
mike rogers, https://www.govtrack.us/static/legislator-photos/400341-200px.jpeg
mitt romney, https://www.govtrack.us/static/legislator-photos/412841-200px.jpeg
francis rooney, https://www.govtrack.us/static/legislator-photos/412699-200px.jpeg
john rose, https://www.govtrack.us/static/legislator-photos/412818-200px.jpeg
max rose, https://www.govtrack.us/static/legislator-photos/412803-200px.jpeg
jacky rosen, https://www.govtrack.us/static/legislator-photos/412715-200px.jpeg
harley rouda, https://www.govtrack.us/static/legislator-photos/412759-200px.jpeg
mike rounds, https://www.govtrack.us/static/legislator-photos/412669-200px.jpeg
david rouzer, https://www.govtrack.us/static/legislator-photos/412641-200px.jpeg
chip roy, https://www.govtrack.us/static/legislator-photos/412826-200px.jpeg
lucille roybal allard, https://www.govtrack.us/static/legislator-photos/400347-200px.jpeg
marco rubio, https://www.govtrack.us/static/legislator-photos/412491-200px.jpeg
raul ruiz, https://www.govtrack.us/static/legislator-photos/412519-200px.jpeg
a dutch ruppersberger, https://www.govtrack.us/static/legislator-photos/400349-200px.jpeg
bobby rush, https://www.govtrack.us/static/legislator-photos/400350-200px.jpeg
john rutherford, https://www.govtrack.us/static/legislator-photos/412692-200px.jpeg
tim ryan, https://www.govtrack.us/static/legislator-photos/400352-200px.jpeg
gregorio sablan, https://www.govtrack.us/static/legislator-photos/412312-200px.jpeg
michael san nicolas, https://www.govtrack.us/static/legislator-photos/412770-200px.jpeg
bernard sanders, https://www.govtrack.us/static/legislator-photos/400357-200px.jpeg
john sarbanes, https://www.govtrack.us/static/legislator-photos/412212-200px.jpeg
benjamin sasse, https://www.govtrack.us/static/legislator-photos/412671-200px.jpeg
steve scalise, https://www.govtrack.us/static/legislator-photos/412261-200px.jpeg
mary scanlon, https://www.govtrack.us/static/legislator-photos/412750-200px.jpeg
janice schakowsky, https://www.govtrack.us/static/legislator-photos/400360-200px.jpeg
brian schatz, https://www.govtrack.us/static/legislator-photos/412507-200px.jpeg
adam schiff, https://www.govtrack.us/static/legislator-photos/400361-200px.jpeg
bradley schneider, https://www.govtrack.us/static/legislator-photos/412534-200px.jpeg
kurt schrader, https://www.govtrack.us/static/legislator-photos/412315-200px.jpeg
kim schrier, https://www.govtrack.us/static/legislator-photos/412835-200px.jpeg
charles schumer, https://www.govtrack.us/static/legislator-photos/300087-200px.jpeg
david schweikert, https://www.govtrack.us/static/legislator-photos/412399-200px.jpeg
austin scott, https://www.govtrack.us/static/legislator-photos/412417-200px.jpeg
david scott, https://www.govtrack.us/static/legislator-photos/400363-200px.jpeg
rick scott, https://www.govtrack.us/static/legislator-photos/412838-200px.jpeg
robert scott, https://www.govtrack.us/static/legislator-photos/400364-200px.jpeg
tim scott, https://www.govtrack.us/static/legislator-photos/412471-200px.jpeg
james sensenbrenner, https://www.govtrack.us/static/legislator-photos/400365-200px.jpeg
jose serrano, https://www.govtrack.us/static/legislator-photos/400366-200px.jpeg
terri sewell, https://www.govtrack.us/static/legislator-photos/412396-200px.jpeg
jeanne shaheen, https://www.govtrack.us/static/legislator-photos/412323-200px.jpeg
donna shalala, https://www.govtrack.us/static/legislator-photos/412768-200px.jpeg
richard shelby, https://www.govtrack.us/static/legislator-photos/300089-200px.jpeg
brad sherman, https://www.govtrack.us/static/legislator-photos/400371-200px.jpeg
mikie sherrill, https://www.govtrack.us/static/legislator-photos/412799-200px.jpeg
john shimkus, https://www.govtrack.us/static/legislator-photos/400373-200px.jpeg
michael simpson, https://www.govtrack.us/static/legislator-photos/400376-200px.jpeg
kyrsten sinema, https://www.govtrack.us/static/legislator-photos/412509-200px.jpeg
albio sires, https://www.govtrack.us/static/legislator-photos/412186-200px.jpeg
elissa slotkin, https://www.govtrack.us/static/legislator-photos/412784-200px.jpeg
adam smith, https://www.govtrack.us/static/legislator-photos/400379-200px.jpeg
adrian smith, https://www.govtrack.us/static/legislator-photos/412217-200px.jpeg
christopher smith, https://www.govtrack.us/static/legislator-photos/400380-200px.jpeg
jason smith, https://www.govtrack.us/static/legislator-photos/412596-200px.jpeg
tina smith, https://www.govtrack.us/static/legislator-photos/412742-200px.jpeg
lloyd smucker, https://www.govtrack.us/static/legislator-photos/412722-200px.jpeg
darren soto, https://www.govtrack.us/static/legislator-photos/412695-200px.jpeg
abigail spanberger, https://www.govtrack.us/static/legislator-photos/412833-200px.jpeg
ross spano, https://www.govtrack.us/static/legislator-photos/412765-200px.jpeg
jackie speier, https://www.govtrack.us/static/legislator-photos/412259-200px.jpeg
debbie stabenow, https://www.govtrack.us/static/legislator-photos/300093-200px.jpeg
greg stanton, https://www.govtrack.us/static/legislator-photos/412753-200px.jpeg
pete stauber, https://www.govtrack.us/static/legislator-photos/412792-200px.jpeg
elise stefanik, https://www.govtrack.us/static/legislator-photos/412648-200px.jpeg
bryan steil, https://www.govtrack.us/static/legislator-photos/412836-200px.jpeg
gregory steube, https://www.govtrack.us/static/legislator-photos/412766-200px.jpeg
haley stevens, https://www.govtrack.us/static/legislator-photos/412786-200px.jpeg
chris stewart, https://www.govtrack.us/static/legislator-photos/412581-200px.jpeg
steve stivers, https://www.govtrack.us/static/legislator-photos/412461-200px.jpeg
dan sullivan, https://www.govtrack.us/static/legislator-photos/412665-200px.jpeg
thomas suozzi, https://www.govtrack.us/static/legislator-photos/412717-200px.jpeg
eric swalwell, https://www.govtrack.us/static/legislator-photos/412514-200px.jpeg
linda sanchez, https://www.govtrack.us/static/legislator-photos/400355-200px.jpeg
mark takano, https://www.govtrack.us/static/legislator-photos/412520-200px.jpeg
van taylor, https://www.govtrack.us/static/legislator-photos/412821-200px.jpeg
jon tester, https://www.govtrack.us/static/legislator-photos/412244-200px.jpeg
bennie thompson, https://www.govtrack.us/static/legislator-photos/400402-200px.jpeg
glenn thompson, https://www.govtrack.us/static/legislator-photos/412317-200px.jpeg
mike thompson, https://www.govtrack.us/static/legislator-photos/400403-200px.jpeg
mac thornberry, https://www.govtrack.us/static/legislator-photos/400404-200px.jpeg
john thune, https://www.govtrack.us/static/legislator-photos/400546-200px.jpeg
thom tillis, https://www.govtrack.us/static/legislator-photos/412668-200px.jpeg
william timmons, https://www.govtrack.us/static/legislator-photos/412815-200px.jpeg
scott tipton, https://www.govtrack.us/static/legislator-photos/412405-200px.jpeg
dina titus, https://www.govtrack.us/static/legislator-photos/412318-200px.jpeg
rashida tlaib, https://www.govtrack.us/static/legislator-photos/412787-200px.jpeg
paul tonko, https://www.govtrack.us/static/legislator-photos/412319-200px.jpeg
patrick toomey, https://www.govtrack.us/static/legislator-photos/400408-200px.jpeg
xochitl torres small, https://www.govtrack.us/static/legislator-photos/412801-200px.jpeg
norma torres, https://www.govtrack.us/static/legislator-photos/412617-200px.jpeg
lori trahan, https://www.govtrack.us/static/legislator-photos/412781-200px.jpeg
david trone, https://www.govtrack.us/static/legislator-photos/412783-200px.jpeg
michael turner, https://www.govtrack.us/static/legislator-photos/400411-200px.jpeg
tom udall, https://www.govtrack.us/static/legislator-photos/400413-200px.jpeg
lauren underwood, https://www.govtrack.us/static/legislator-photos/412776-200px.jpeg
fred upton, https://www.govtrack.us/static/legislator-photos/400414-200px.jpeg
jefferson van drew, https://www.govtrack.us/static/legislator-photos/412796-200px.jpeg
chris van hollen, https://www.govtrack.us/static/legislator-photos/400415-200px.jpeg
juan vargas, https://www.govtrack.us/static/legislator-photos/412522-200px.jpeg
marc veasey, https://www.govtrack.us/static/legislator-photos/412579-200px.jpeg
filemon vela, https://www.govtrack.us/static/legislator-photos/412580-200px.jpeg
nydia velazquez, https://www.govtrack.us/static/legislator-photos/400416-200px.jpeg
peter visclosky, https://www.govtrack.us/static/legislator-photos/400417-200px.jpeg
ann wagner, https://www.govtrack.us/static/legislator-photos/412548-200px.jpeg
tim walberg, https://www.govtrack.us/static/legislator-photos/412213-200px.jpeg
greg walden, https://www.govtrack.us/static/legislator-photos/400419-200px.jpeg
mark walker, https://www.govtrack.us/static/legislator-photos/412670-200px.jpeg
jackie walorski, https://www.govtrack.us/static/legislator-photos/412538-200px.jpeg
michael waltz, https://www.govtrack.us/static/legislator-photos/412764-200px.jpeg
mark warner, https://www.govtrack.us/static/legislator-photos/412321-200px.jpeg
elizabeth warren, https://www.govtrack.us/static/legislator-photos/412542-200px.jpeg
debbie wasserman schultz, https://www.govtrack.us/static/legislator-photos/400623-200px.jpeg
maxine waters, https://www.govtrack.us/static/legislator-photos/400422-200px.jpeg
steven watkins, https://www.govtrack.us/static/legislator-photos/412779-200px.jpeg
bonnie watson coleman, https://www.govtrack.us/static/legislator-photos/412644-200px.jpeg
randy weber, https://www.govtrack.us/static/legislator-photos/412574-200px.jpeg
daniel webster, https://www.govtrack.us/static/legislator-photos/412410-200px.jpeg
peter welch, https://www.govtrack.us/static/legislator-photos/412239-200px.jpeg
brad wenstrup, https://www.govtrack.us/static/legislator-photos/412564-200px.jpeg
bruce westerman, https://www.govtrack.us/static/legislator-photos/412610-200px.jpeg
jennifer wexton, https://www.govtrack.us/static/legislator-photos/412834-200px.jpeg
sheldon whitehouse, https://www.govtrack.us/static/legislator-photos/412247-200px.jpeg
roger wicker, https://www.govtrack.us/static/legislator-photos/400432-200px.jpeg
susan wild, https://www.govtrack.us/static/legislator-photos/412751-200px.jpeg
roger williams, https://www.govtrack.us/static/legislator-photos/412578-200px.jpeg
frederica wilson, https://www.govtrack.us/static/legislator-photos/412412-200px.jpeg
joe wilson, https://www.govtrack.us/static/legislator-photos/400433-200px.jpeg
robert wittman, https://www.govtrack.us/static/legislator-photos/412255-200px.jpeg
steve womack, https://www.govtrack.us/static/legislator-photos/412402-200px.jpeg
rob woodall, https://www.govtrack.us/static/legislator-photos/412416-200px.jpeg
ron wright, https://www.govtrack.us/static/legislator-photos/412823-200px.jpeg
ron wyden, https://www.govtrack.us/static/legislator-photos/300100-200px.jpeg
john yarmuth, https://www.govtrack.us/static/legislator-photos/412211-200px.jpeg
ted yoho, https://www.govtrack.us/static/legislator-photos/412525-200px.jpeg
don young, https://www.govtrack.us/static/legislator-photos/400440-200px.jpeg
todd young, https://www.govtrack.us/static/legislator-photos/412428-200px.jpeg
lee zeldin, https://www.govtrack.us/static/legislator-photos/412646-200px.jpeg
